Image, AOA, ZOA, Delays, Gains, NumPaths, MaxPixel
1, -176.5751      53.99713     -149.2779, -22.30873     -120.1986      104.4221, 6.1671e-05  7.9777e-06  3.5943e-06, 2.7426      5.8544      9.9978, 3, 1440 540
2, 79.6325, -74.3083, 2.1413e-05, 6.6542, 1, 1285 733
3, 97.75122      144.3509       87.2981     -44.31091, -59.33099     -52.77249     -160.3562     -17.03881, 7.2062e-05  1.3544e-05  4.0473e-05  4.3137e-05, 1.7018      6.6448      6.0915      4.1801, 4, 1376 353
4, -57.23628     -100.8987, -24.1363      60.8326, 8.5356e-05  9.7834e-06, 5.7252       9.271, 2, 1419 878
5, -167.7522     -134.6195      97.01913     -121.0039       68.3742, -72.81993       126.113     -178.5673     -133.6479     -17.16512, 8.8619e-05  1.2229e-05   7.536e-06  9.3603e-05  8.3076e-06, 8.1207      8.4043     0.93702      3.5025      8.3242, 5, 511 1379
